,Name,Mat,Inns,NO,Runs,HS,Ave,BF,SR,X100,X50,X4s,X6s,Ct,St,BattingScore,Base Price,Selected,Price,
1,Hashim Amla,81,80,6,2138,88*,28.89,1732,123.44,0,12,249,30,25,0,1.1876306241,20000000,1,20000000,110000000
2,Yuvraj Singh,158,152,19,3589,83,26.98,2696,133.12,0,22,272,203,39,0,1.3636258069,20000000,1,20000000,6
3,Dinesh Karthik,177,155,20,3270,90*,24.22,2549,128.28,0,15,323,94,104,39,1.2594309823,20000000,1,20000000,18.7145037076
4,Kevin Pietersen,135,130,19,3903,115*,35.16,2893,134.91,3,21,361,139,52,0,1.4369165175,20000000,1,20000000,
5,Angelo Mathews,133,112,31,2029,73*,25.04,1662,122.08,0,6,141,63,47,0,1.1473662091,15000000,1,15000000,
6,Eoin Morgan,172,161,23,3649,85*,26.44,2820,129.39,0,17,310,144,78,0,1.288951665,15000000,1,15000000,
7,Kumar Sangakkara,165,159,17,4239,94,29.85,3384,125.26,0,24,457,77,101,42,1.2257594739,10000000,0,10000000,
8,Aaron Finch,132,129,13,3829,156,33,2890,132.49,2,25,390,137,53,0,1.3783053332,10000000,0,10000000,
9,Mahela Jayawardene,187,180,24,4357,110*,27.92,3363,129.55,2,28,503,100,70,0,1.2986779177,10000000,0,10000000,
10,Amit Mishra,149,72,29,597,49,13.88,613,97.38,0,0,56,5,26,0,0.7146434822,10000000,0,10000000,
11,Murali Vijay,136,134,4,3231,127,24.85,2660,121.46,2,15,294,121,59,0,1.1361486512,5000000,0,5000000,
12,Kane Williamson,80,73,8,1580,101*,24.3,1316,120.06,1,7,167,26,30,0,1.1087048215,5000000,0,5000000,
13,Michael Hussey,140,131,24,4055,116*,37.89,3233,125.42,1,31,383,109,66,0,1.2693772299,15000000,0,15000000,
14,Cameron White,199,190,42,4502,141*,30.41,3504,128.48,2,28,313,195,85,0,1.2890131764,15000000,0,15000000,
15,Alex Hales,134,133,8,3664,116*,29.31,2633,139.15,1,26,392,130,52,0,1.4948726507,10000000,0,10000000,
16,Brad Hodge,243,229,49,6661,106,37,5060,131.64,2,44,660,215,93,0,1.3832458585,10000000,0,10000000,
17,Cheteshwar Pujara,48,40,6,769,62,22.61,749,102.67,0,3,91,9,19,0,0.8164698948,10000000,0,10000000,
18,Ross Taylor,202,189,39,4389,111*,29.26,3289,133.44,1,22,307,217,96,0,1.3795152577,10000000,0,10000000,
19,Michael Carberry,126,119,16,3255,100*,31.6,2645,123.06,1,26,345,90,41,0,1.1935585528,5000000,0,5000000,
20,Darren Bravo,86,79,20,1971,86*,33.4,1671,117.95,0,12,131,96,20,0,1.1104973467,5000000,0,5000000,
21,Richard Levi,150,145,11,3782,117*,28.22,2671,141.59,3,24,379,183,39,0,1.5409839171,5000000,0,5000000,
22,Nayan Doshi,52,10,5,10,5,2,34,29.41,0,0,1,0,12,0,0.0641813745,5000000,0,5000000,
23,S Badrinath,137,105,29,2132,71*,28.05,1912,111.5,0,13,200,40,27,0,0.9769485362,3000000,0,3000000,
24,Dean Elgar,53,49,14,1302,72,37.2,1203,108.22,0,8,87,34,17,0,0.9675944765,3000000,0,3000000,
25,Callum Ferguson,68,62,7,1190,71,21.63,1015,117.24,0,6,97,22,33,0,1.0500577778,3000000,0,3000000,
26,Abhinav Mukund,21,20,4,439,64*,27.43,419,104.77,0,1,41,0,13,0,0.8663716264,3000000,0,3000000,
27,Venugopal Rao,83,71,12,1390,71*,23.55,1142,121.71,0,7,107,50,17,0,1.1354006239,3000000,0,3000000,
28,Hamish Rutherford,78,76,1,1762,87,23.49,1239,142.21,0,7,192,77,28,0,1.5348067519,3000000,0,3000000,
29,Aiden Blizzard,83,80,10,1850,89,26.42,1361,135.92,0,10,207,60,25,0,1.4165256451,3000000,0,3000000,
30,Michael Klinger,99,97,15,3058,126*,37.29,2423,126.2,5,17,284,74,31,0,1.2803940115,3000000,0,3000000,
31,Travis Head,12,11,1,239,71,23.9,161,148.44,0,2,19,12,2,0,1.6697640473,3000000,0,3000000,
32,Marcus Harris,7,7,0,164,53,23.42,132,124.24,0,1,20,3,2,0,1.1806439867,3000000,0,3000000,
33,Craig Simmons,25,25,1,671,112,27.95,463,144.92,2,0,58,38,3,0,1.6091511488,3000000,0,3000000,
34,Debabrata Das,49,36,17,657,78*,34.57,502,130.87,0,2,51,32,15,0,1.3533729401,2000000,0,2000000,
35,Sudip Chatterjee,6,6,0,137,89,22.83,123,111.38,0,1,15,2,1,0,0.9548242718,2000000,0,2000000,
36,Prashant Chopra,13,13,1,349,90,29.08,315,110.79,0,2,32,11,8,1,0.9691501443,2000000,0,2000000,
37,Mukul Dagar,13,13,1,454,99*,37.83,329,137.99,0,5,69,9,4,0,1.5123297273,1000000,0,1000000,
38,Nikhil Gangta,14,11,1,122,29,12.2,88,138.63,0,0,15,4,3,0,1.4304745975,1000000,0,1000000,
39,Arjit Gupta,9,8,1,106,72,15.14,93,113.97,0,1,8,7,1,0,0.9763671025,1000000,0,1000000,
40,Rinku Singh,13,13,3,167,34,16.7,125,133.6,0,0,14,5,8,0,1.3389411066,1000000,0,1000000,
41,Robin Bist,14,13,2,136,30*,12.36,166,81.92,0,0,9,0,4,0,0.5069564874,1000000,0,1000000,
42,Praful Waghela,2,2,0,10,5,5,19,52.63,0,0,0,0,0,0,0.2064353537,1000000,0,1000000,
43,Paras Dogra,52,50,10,951,93*,23.77,907,104.85,0,4,68,25,33,0,0.8539022354,1000000,0,1000000,
44,Shreyas Iyer,21,21,2,482,83,25.36,392,122.95,0,4,43,22,5,0,1.1642142058,1000000,0,1000000,
45,Sheldon Jackson,21,21,2,438,73*,23.05,412,106.31,0,2,47,12,11,2,0.8740945916,1000000,0,1000000,
46,Sarfaraz Khan,19,14,6,182,45*,22.75,116,156.89,0,0,17,6,2,0,1.8562771767,1000000,0,1000000,
47,Mohnish Mishra,48,47,3,899,84,20.43,675,133.18,0,3,115,26,14,0,1.3410274804,1000000,0,1000000,
48,Yogesh Nagar,49,37,9,561,44*,20.03,511,109.78,0,0,40,16,16,0,0.9197798868,1000000,0,1000000,
49,Tirumalasetti Suman,75,72,9,1546,100,24.53,1230,125.69,1,5,145,65,21,0,1.2116377605,1000000,0,1000000,
50,Hanuma Vihari,46,45,7,755,81,19.86,727,103.85,0,2,66,12,21,2,0.8257986202,1000000,0,1000000,
51,Swapnil Asnodkar,58,58,3,1346,71*,24.47,1100,122.36,0,11,146,35,21,0,1.1505586661,1000000,0,1000000,
52,Sachin Baby,31,23,0,390,48,16.95,301,129.56,0,0,37,8,12,0,1.2610359301,1000000,0,1000000,
53,Udit Birla,29,24,2,530,56,24.09,491,107.94,0,1,45,16,13,0,0.9034656467,1000000,0,1000000,
54,Arindam Ghosh,13,12,3,170,67,18.88,165,103.03,0,1,13,1,8,0,0.810420258,1000000,0,1000000,
55,Manpreet Juneja,29,28,7,660,108*,31.42,527,125.23,1,2,60,14,11,0,1.2314526206,1000000,0,1000000,
56,Taruwar Kohli,26,23,9,141,22,10.07,199,70.85,0,0,6,3,10,0,0.3782515846,1000000,0,1000000,
57,Milind Kumar,14,7,4,31,10,10.33,31,100,0,0,1,1,5,0,0.7464916136,1000000,0,1000000,
58,Akhil Herwadkar,3,3,0,20,10,6.66,19,105.26,0,0,3,0,1,0,0.8216314639,1000000,0,1000000,
59,Shubham Khajuria,4,4,1,94,61*,31.33,105,89.52,0,1,6,5,1,0,0.6644534932,1000000,0,1000000,
60,Evin Lewis,28,28,0,899,82,32.1,703,127.88,0,7,82,48,5,0,1.2842879855,1000000,0,1000000,
61,Prashant Naik,5,5,1,82,48*,20.5,60,136.66,0,0,10,2,1,0,1.4104648183,1000000,0,1000000,
62,Sujit Nayak,4,3,2,45,23*,45,25,180,0,0,3,3,1,0,2.5426648827,1000000,0,1000000,
63,R Samarth,8,8,1,72,24*,10.28,92,78.26,0,0,9,0,2,0,0.4601766238,1000000,0,1000000,
64,Virat Singh,14,14,2,167,40,13.91,189,88.35,0,0,11,2,3,0,0.5908296843,1000000,0,1000000,
65,Ben Hilfenhaus,69,29,16,126,38*,9.69,134,94.02,0,0,3,5,11,0,0.6598487918,1000000,0,1000000,
66,Zaheer Khan,115,44,25,181,26,9.52,195,92.82,0,0,16,3,26,0,0.6430473571,1000000,0,1000000,
67,Michael Beer,45,11,7,29,11*,7.25,41,70.73,0,0,0,0,8,0,0.3733891673,1000000,0,1000000,
68,Nathan Lyon,23,6,2,18,11,4.5,19,94.73,0,0,1,0,6,0,0.6643075144,1000000,0,1000000,
69,Doug Bollinger,115,14,6,55,17,6.87,56,98.21,0,0,5,1,28,0,0.7158904183,1000000,0,1000000,
70,Sean Abbott,36,24,5,204,39,10.73,198,103.03,0,0,12,8,19,0,0.7925516944,1000000,0,1000000,
71,Trent Boult,47,13,7,29,5,4.83,44,65.9,0,0,0,0,19,0,0.3224873799,1000000,0,1000000,
72,Praveen Kumar,138,71,24,588,76*,12.51,494,119.02,0,1,47,27,18,0,1.0579007818,1000000,0,1000000,
73,Munaf Patel,84,18,12,46,23*,7.66,51,90.19,0,0,5,0,20,0,0.605136641,1000000,0,1000000,
74,Jaydev Unadkat,58,14,8,20,6*,3.33,33,60.6,0,0,0,1,12,0,0.2720632147,10000000,0,10000000,
75,Cameron Boyce,26,9,6,57,24*,19,47,121.27,0,0,4,3,5,0,1.1128941657,10000000,0,10000000,
76,Brad Hogg,111,40,19,337,54,16.04,311,108.36,0,1,17,8,26,0,0.8863150859,10000000,0,10000000,
77,Ajantha Mendis,103,34,15,93,15,4.89,145,64.13,0,0,10,1,24,0,0.3055311178,10000000,0,10000000,
78,Pragyan Ojha,131,36,20,72,11*,4.5,104,69.23,0,0,0,3,21,0,0.3554961557,10000000,0,10000000,
79,Lakshmipathy Balaji,104,20,9,54,15,4.9,62,87.09,0,0,4,2,16,0,0.5619845638,5000000,0,5000000,
80,Ravi Rampaul,99,32,18,128,23*,9.14,130,98.46,0,0,7,4,20,0,0.7222062871,5000000,0,5000000,
81,Nuwan Kulasekara,81,44,14,329,31,10.96,264,124.62,0,0,18,15,30,0,1.1559442778,5000000,0,5000000,
82,Suranga Lakmal,28,9,5,31,10*,7.75,34,91.17,0,0,3,1,7,0,0.6183666009,5000000,0,5000000,
83,Dhammika Prasad,14,11,5,48,17*,8,60,80,0,0,1,2,2,0,0.4774374961,5000000,0,5000000,
84,Peter Siddle,23,7,5,21,9*,10.5,26,80.76,0,0,2,0,3,0,0.4898777268,5000000,0,5000000,
85,Shaun Tait,140,45,19,144,26,5.53,184,78.26,0,0,6,7,22,0,0.4546298475,5000000,0,5000000,
86,Gary Putland,22,9,6,16,4*,5.33,19,84.21,0,0,0,0,10,0,0.5258705904,5000000,0,5000000,
87,Adam Milne,43,17,14,105,18*,35,82,128.04,0,0,8,2,9,0,1.3013747822,5000000,0,5000000,
88,Abhimanyu Mithun,40,19,8,76,12*,6.9,58,131.03,0,0,7,3,13,0,1.271625736,5000000,0,5000000,
89,Pankaj Singh,36,17,8,59,10,6.55,81,72.83,0,0,1,2,11,0,0.3949429885,5000000,0,5000000,
90,Akila Danan,25,8,5,3,2*,1,10,30,0,0,0,0,7,0,0.0665487599,5000000,0,5000000,
91,jaya,74,35,9,131,14*,5.03,133,98.49,0,0,10,5,20,0,0.7183411263,5000000,0,5000000,
92,Kyle Abbott,75,24,15,109,16*,12.11,106,102.83,0,0,6,3,23,0,0.7918387289,5000000,0,5000000,
93,Sheldon Cottrell,39,13,2,82,21,7.45,56,146.42,0,0,5,5,18,0,1.5875918618,5000000,0,5000000,
94,Ben Laughlin,79,24,9,95,22,6.33,105,90.47,0,0,5,3,23,0,0.6074985754,5000000,0,5000000,
95,Mitchell McClenaghan,68,20,12,82,16,10.25,60,136.66,0,0,6,4,13,0,1.3871847548,3000000,0,3000000,
96,Gurinder Sandhu,20,5,2,18,7*,6,25,72,0,0,1,0,5,0,0.3855544136,3000000,0,3000000,
97,RP Singh,119,48,24,107,18,4.45,145,73.79,0,0,4,2,40,0,0.4036331191,3000000,0,3000000,
98,Rusty Theron,120,49,25,228,31*,9.5,212,107.54,0,0,13,8,34,0,0.8608574449,3000000,0,3000000,
99,Hamish Bennett,22,7,4,11,4*,3.66,14,78.57,0,0,0,0,3,0,0.4569514464,3000000,0,3000000,
100,Dirk Nannes,215,39,31,66,12*,8.25,79,83.54,0,0,3,1,34,0,0.5204980226,3000000,0,3000000,
101,Krishmar Santokie,79,22,8,124,22,8.85,127,97.63,0,0,8,8,17,0,0.7097997222,3000000,0,3000000,
102,Thilan Thushara,41,25,8,147,33*,8.64,151,97.35,0,0,8,5,12,0,0.7054960412,3000000,0,3000000,
103,Lonwabo Tsotsobe,75,10,8,7,3*,3.5,16,43.75,0,0,0,0,20,0,0.1422793652,3000000,0,3000000,
104,Sudeep Tyagi,23,5,3,5,3*,2.5,7,71.42,0,0,0,0,5,0,0.3772130251,3000000,0,3000000,
105,Nicholas Winter,3,1,0,0,0,0,6,0,0,0,0,0,0,0,0,3000000,0,3000000,
106,Ronsford Beaton,23,5,3,11,8*,5.5,9,122.22,0,0,1,0,7,0,1.1055498342,3000000,0,3000000,
107,Pradeep Sangwan,58,24,14,62,14*,6.2,66,93.93,0,0,3,1,16,0,0.6545033531,3000000,0,3000000,
108,Andrew Tye,13,6,3,40,16*,13.33,51,78.43,0,0,4,1,2,0,0.4674628488,3000000,0,3000000,
109,Krishnakant Upadhyay,17,8,6,15,11*,7.5,19,78.94,0,0,0,1,5,0,0.4644212381,3000000,0,3000000,
110,Shadab Jakati,69,19,8,142,43,12.9,123,115.44,0,0,15,1,24,0,0.9965919501,3000000,0,3000000,
111,Ashish Hooda,21,4,2,4,2,2,8,50,0,0,0,0,4,0,0.1849479409,3000000,0,3000000,
112,Pankaj Jaiswal,11,4,0,35,20,8.75,20,175,0,0,2,3,4,0,2.2676480701,3000000,0,3000000,
113,Brainder Sran,10,3,2,17,9*,17,7,242.85,0,0,2,1,1,0,4.3773811401,3000000,0,3000000,
114,Jaskaran Singh,13,9,4,52,16,10.4,47,110.63,0,0,5,2,0,0,0.9119733406,3000000,0,3000000,
115,Ishwar Chaudhary,6,2,2,2,1*,NA,6,33.33,0,0,0,0,0,0,NA,2000000,0,2000000,
116,Arup Das,14,5,1,6,3,1.5,15,40,0,0,0,0,2,0,0.1183437853,2000000,0,2000000,
117,Javed Khan,4,2,1,0,0*,0,1,0,0,0,0,0,1,0,0,2000000,0,2000000,
118,Shelley Shaurya,4,1,1,10,10*,NA,4,250,0,0,1,1,0,0,NA,2000000,0,2000000,
119,Siddharth Trivedi,103,23,11,71,12,5.91,77,92.2,0,0,5,1,23,0,0.6304603571,2000000,0,2000000,
120,Manjeet Singh,6,5,3,72,37*,36,31,232.25,0,0,5,7,2,0,4.0797907444,2000000,0,2000000,
121,Puneet Datey,5,2,0,7,6,3.5,4,175,0,0,0,1,0,0,2.2628978846,1000000,0,1000000,
122,Gauresh Gawas,13,4,3,1,1*,1,6,16.66,0,0,0,0,0,0,0.0205743948,1000000,0,1000000,
123,M. Ravi Kiran,14,6,4,7,4*,3.5,20,35,0,0,0,0,1,0,0.0913845207,1000000,0,1000000,
124,Mohammed Mudhasir,1,1,1,0,0*,NA,0,NA,0,0,0,0,0,0,NA,1000000,0,1000000,
125,Anupam Sanklecha,1,1,1,3,3*,NA,5,60,0,0,0,0,0,0,NA,1000000,0,1000000,
126,Mehjoor Ali,5,4,3,2,2*,2,10,20,0,0,0,0,3,0,0.0298398435,1000000,0,1000000,
127,Kshemal Waingankar,6,4,3,41,28*,41,33,124.24,0,0,3,3,4,0,1.2642475171,1000000,0,1000000,
128,Imtiaz Ahmed,18,12,3,102,20*,11.33,65,156.92,0,0,9,6,1,0,1.8282262983,1000000,0,1000000,
129,Palani Amarnath,14,4,3,1,1,1,3,33.33,0,0,0,0,4,0,0.0821252247,1000000,0,1000000,
131,Cheepurapalli Stephen,9,3,3,6,5*,NA,8,75,0,0,0,0,2,0,NA,1000000,0,1000000,
132,Siddarth Kaul,36,14,13,42,8*,42,38,110.52,0,0,3,0,8,0,1.0324785572,1000000,0,1000000,
133,Amit Mishra,7,3,1,4,4*,2,5,80,0,0,1,0,2,0,0.4730058361,1000000,0,1000000,
134,Domnic Joseph,17,6,3,7,4,2.33,14,50,0,0,0,0,3,0,0.1850534809,1000000,0,1000000,
135,HS Sharath,9,4,0,8,5,2,18,44.44,0,0,0,0,1,0,0.146164535,1000000,0,1000000,
136,Rahul Shukla,23,11,6,42,17*,8.4,45,93.33,0,0,2,1,8,0,0.648577042,1000000,0,1000000,
137,Sreenath Aravind,46,13,10,57,14*,19,47,121.27,0,0,8,0,16,0,1.1128941657,1000000,0,1000000,
138,Basil Thampi,9,1,1,0,0*,NA,0,NA,0,0,0,0,2,0,NA,1000000,0,1000000,
139,Bhargav Bhatt,33,9,3,66,20,11,56,117.85,0,0,5,3,8,0,1.0347647102,1000000,0,1000000,
140,K C Cariappa,1,-,-,-,-,NA,-,NA,NA,NA,-,-,0,0,NA,1000000,0,1000000,
141,Sarabjit Ladda,11,3,1,5,5,2.5,12,41.66,0,0,1,0,1,0,0.1286515013,1000000,0,1000000,
142,Ali Murtaza,33,11,5,119,39*,19.83,138,86.23,0,0,10,1,11,0,0.5782460746,1000000,0,1000000,
143,Akshay Wakhare,10,3,1,42,25*,21,38,110.52,0,0,4,1,1,0,0.9347604559,1000000,0,1000000,
144,Harmeet Singh,29,8,3,22,14,4.4,20,110,0,0,3,0,6,0,0.8951480341,1000000,0,1000000,
145,Deepak Chahar,9,7,2,14,6,2.8,16,87.5,0,0,1,1,4,0,0.5660773421,1000000,0,1000000,
146,Aniket Choudhary,19,9,4,19,6*,3.8,27,70.37,0,0,3,0,1,0,0.3668215581,1000000,0,1000000,
147,Lukman Meriwala,15,2,1,4,4*,4,2,200,0,0,1,0,3,0,2.9556217268,1000000,0,1000000,
148,Umar Nazir,5,2,0,5,4,2.5,12,41.66,0,0,0,0,1,0,0.1286515013,1000000,0,1000000,
149,Prasanth Parameswaran,34,10,8,15,13*,7.5,20,75,0,0,2,0,5,0,0.4196227993,1000000,0,1000000,
150,Anand Rajan,31,4,3,11,8,11,6,183.33,0,0,0,1,16,0,2.4913971436,1000000,0,1000000,
151,Ankit Rajpoot,10,3,3,2,2*,NA,7,28.57,0,0,0,0,0,0,NA,1000000,0,1000000,
152,Vikas Tokas,13,4,3,8,6*,8,6,133.33,0,0,1,0,2,0,1.3177458731,1000000,0,1000000,
153,Udit Patel,18,12,4,72,21,9,62,116.12,0,0,5,4,5,0,1.0019136942,1000000,0,1000000,
154,Samar Quadri,4,2,2,2,1*,NA,3,66.66,0,0,0,0,0,0,NA,1000000,0,1000000,
155,Lakshan Sandakan,8,4,1,10,6*,3.33,17,58.82,0,0,1,0,1,0,0.2563627594,1000000,0,1000000,
156,Gurvinder Singh,8,3,1,12,12,6,12,100,0,0,0,1,3,0,0.7412689837,1000000,0,1000000,
157,Rajwinder Singh,16,3,2,9,9*,9,7,128.57,0,0,1,0,12,0,1.2269231391,1000000,0,1000000,
158,Bharatkumar Solanki,2,1,0,2,2,2,3,66.66,0,0,0,0,0,0,0.3285008987,1000000,0,1000000,
159,Prathamesh Dake,7,-,-,-,-,NA,-,NA,NA,NA,-,-,1,0,NA,1000000,0,1000000,
160,Ryan Duffield,7,1,0,1,1,1,3,33.33,0,0,0,0,2,0,0.0821252247,1000000,0,1000000,
161,Samad Fallah,26,7,5,9,5*,4.5,14,64.28,0,0,1,0,6,0,0.3066833051,1000000,0,1000000,
162,Matthew Wade,74,58,12,1008,80,21.91,833,121,0,5,69,35,41,7,1.1170772981,1000000,0,1000000,
163,Denesh Ramdin,141,99,25,1576,84,21.29,1280,123.12,0,7,134,44,93,40,1.153413246,1000000,0,1000000,
164,Kusal Perera,71,68,4,1352,84,21.12,1063,127.18,0,10,120,61,26,14,1.2280725566,1000000,0,1000000,
165,Luke Ronchi,84,76,11,1208,76,18.58,863,139.97,0,3,113,48,56,20,1.4726861879,1000000,0,1000000,
166,Brendan Taylor,104,103,13,2532,101*,28.13,2075,122.02,1,20,226,70,43,11,1.1591580659,1000000,0,1000000,
167,Morne van Wyk,110,106,13,2795,114*,30.05,2277,122.74,1,17,299,73,77,19,1.1802921203,1000000,0,1000000,
168,Ben Dunk,54,51,2,1142,96,23.3,930,122.79,0,6,110,27,31,3,1.1539949457,1000000,0,1000000,
169,Shreevats Goswami,55,48,3,853,52,18.95,901,94.67,0,1,81,11,21,7,0.6885404587,1000000,0,1000000,
170,Sushant Marathe,8,8,1,235,90*,33.57,175,134.28,0,1,27,6,2,1,1.4150780064,1000000,0,1000000,
171,Tim Ludeman,29,24,5,536,92*,28.21,406,132.01,0,3,44,25,15,1,1.3460608785,1000000,0,1000000,
172,CM Gautam,31,27,6,360,53*,17.14,335,107.46,0,1,41,6,20,9,0.8746642519,1000000,0,1000000,
173,Amit Paunikar,22,22,1,421,78*,20.04,376,111.96,0,1,54,8,6,1,0.9555577041,1000000,0,1000000,
174,Ankush Bains,16,15,2,296,54,22.76,315,93.96,0,2,30,2,14,2,0.6904303991,1000000,0,1000000,
175,Davy Jacobs,83,80,14,1707,74,25.86,1452,117.56,0,8,142,60,39,8,1.0705334278,1000000,0,1000000,
176,KB Arun Karthik,47,37,10,590,66,21.85,466,126.6,0,2,56,16,30,3,1.2191631253,1000000,0,1000000,
177,Nikhil Naik,11,10,1,181,52,20.11,162,111.72,0,1,9,9,6,0,0.9518001957,1000000,0,1000000,
178,Smit Patel,12,12,3,329,51,36.55,309,106.47,0,3,30,7,8,0,0.9360820507,1000000,0,1000000,
179,Avi Barot,9,9,1,369,78*,46.12,270,136.66,0,4,47,7,4,0,1.5367083624,1000000,0,1000000,
180,Eklavya Dwivedi,25,22,8,507,65*,36.21,398,127.38,0,2,60,12,10,5,1.2953763015,1000000,0,1000000,
181,Gitansh Khera,7,5,2,65,37*,21.66,47,138.29,0,0,6,1,4,4,1.4471792078,1000000,0,1000000,
182,Abdul Ahad Malek,7,5,2,65,37*,21.66,47,138.29,0,0,6,1,4,4,1.4471792078,1000000,0,1000000,
183,Mahesh Rawat,44,37,13,540,56*,22.5,480,112.5,0,3,49,14,37,11,0.9723283461,1000000,0,1000000,
184,Jitesh Sharma,7,7,0,120,57,17.14,99,121.21,0,1,13,4,4,0,1.1068989275,1000000,0,1000000,
185,Umang Sharma,14,10,1,121,38,13.44,114,106.14,0,0,7,5,6,0,0.8454376024,1000000,0,1000000,
186,Tillakaratne Dilshan,192,188,21,4331,104*,25.93,3581,120.94,1,28,524,89,75,3,1.1313472726,1000000,0,1000000,
187,Irfan Pathan,149,114,44,1585,60,22.64,1312,120.8,0,1,115,55,38,0,1.1157301843,10000000,0,10000000,
188,Marlon Samuels,119,117,23,2952,106*,31.4,2455,120.24,2,21,246,130,32,0,1.1418480243,5000000,0,5000000,
189,Ravi Bopara,200,186,36,4066,105*,27.1,3417,118.99,1,20,337,107,61,0,1.1010185875,3000000,0,3000000,
190,Darren Sammy,167,143,42,1936,60,19.16,1417,136.62,0,2,129,112,71,0,1.4058207637,3000000,0,3000000,
191,Johan Botha,176,126,43,1648,67*,19.85,1471,112.03,0,2,126,35,78,0,0.9562003096,3000000,0,3000000,
192,David Hussey,248,236,46,5822,100*,30.64,4381,132.89,1,31,400,230,121,0,1.375200335,3000000,0,3000000,
193,Robin Peterson,135,94,20,1192,72*,16.1,1076,110.78,0,3,123,26,29,0,0.9257160288,3000000,0,3000000,
194,Sachithra Senanayake,74,33,14,174,20,9.15,178,97.75,0,0,8,6,23,0,0.711930287,3000000,0,3000000,
195,Chris Morris,94,52,25,575,41,21.29,377,152.51,0,0,37,29,33,0,1.7514336752,3000000,0,3000000,
196,Azhar Mahmood,223,202,43,4032,106*,25.35,2983,135.16,2,18,377,136,41,0,1.3978081822,3000000,0,3000000,
197,Nathan McCullum,163,126,35,1559,76*,17.13,1231,126.64,0,4,105,62,63,0,1.2064105807,2000000,0,2000000,
198,Doug Bracewell,44,30,14,456,37,28.5,315,144.76,0,0,22,27,16,0,1.6077846243,2000000,0,2000000,
199,Nathan Reardon,58,51,7,954,56,21.68,765,124.7,0,4,64,45,19,0,1.1834387687,2000000,0,2000000,
200,Ashton Agar,17,14,2,141,35,11.75,137,102.91,0,0,16,3,6,0,0.7924199855,1000000,0,1000000,
201,Justin Ontong,122,101,20,1652,59*,20.39,1378,119.88,0,3,107,52,59,0,1.0923130643,1000000,0,1000000,
202,James Neesham,52,39,13,683,59*,26.26,498,137.14,0,2,53,30,15,0,1.4401541036,1000000,0,1000000,
203,Wayne Parnell,134,67,28,527,35,13.51,456,115.57,0,0,41,17,22,0,1,1000000,0,1000000,
204,Laxmi Shukla,81,64,16,994,76,20.7,824,120.63,0,3,72,40,31,0,1.1065771299,1000000,0,1000000,
205,Albie Morkel,281,226,82,3714,73*,25.79,2685,138.32,0,11,235,215,60,0,1.4627540403,1000000,0,1000000,
206,David Wiese,104,73,29,908,71*,20.63,595,152.6,0,3,68,51,30,0,1.7515513136,1000000,0,1000000,
207,Farhaan Behardien,108,88,29,1836,72,31.11,1471,124.81,0,6,108,69,41,0,1.2223233199,1000000,0,1000000,
208,Jonathan Carter,51,46,5,906,111*,22.09,851,106.46,1,5,62,41,21,1,0.8735023076,1000000,0,1000000,
209,Anton Devcich,78,71,5,1563,92*,23.68,1256,124.44,0,9,163,39,27,0,1.1855765719,1000000,0,1000000,
210,Grant Elliott,75,67,15,1360,70,26.15,1026,132.55,0,7,101,53,26,0,1.3485190316,1000000,0,1000000,
211,Farveez Maharoof,89,66,20,819,55*,17.8,683,119.91,0,1,55,32,28,0,1.0854500184,1000000,0,1000000,
212,Suraj Randiv,46,20,6,190,55*,13.57,132,143.93,0,1,17,6,17,0,1.5437384375,1000000,0,1000000,
213,Joginder Sharma,58,35,8,410,75*,15.18,321,127.72,0,1,32,20,17,0,1.221914322,1000000,0,1000000,
214,Christopher Barnwell,69,59,12,956,88,20.34,779,122.72,0,2,60,46,25,0,1.1430073761,15000000,0,15000000,
215,Carlos Brathwaite,37,27,6,307,36*,14.61,223,137.66,0,0,13,21,13,0,1.4154520681,15000000,0,15000000,
216,Elton Chigumbura,115,112,28,2053,103*,24.44,1509,136.05,1,7,121,107,45,0,1.4116843004,15000000,0,15000000,
217,Seekkuge Prasanna,44,31,7,323,36*,13.45,202,159.9,0,0,22,23,16,0,1.9018403945,10000000,0,10000000,
218,Roelof van der Merwe,140,102,24,1533,89*,19.65,1219,125.75,0,7,136,60,53,0,1.1967981996,10000000,0,10000000,
219,Vaughn van Jaarsveld,104,96,17,2329,93*,29.48,1947,119.61,0,12,156,92,37,0,1.121418434,10000000,0,10000000,
220,Kevon Cooper,114,68,27,473,32,11.53,347,136.31,0,0,32,26,33,0,1.3821872384,10000000,0,10000000,
221,Kevin O'Brien,148,132,26,2387,119,22.51,1800,132.61,1,7,183,111,54,0,1.3367298708,10000000,0,10000000,
222,Adam Zampa,18,8,1,33,10*,4.71,42,78.57,0,0,3,1,2,0,0.4576005738,10000000,0,10000000,
223,Dwaine Pretorius,76,63,13,1062,65,21.24,745,142.55,0,2,68,61,17,0,1.5343027171,5000000,0,5000000,
224,Rajagopal Sathish,52,42,13,550,41,18.96,444,123.87,0,0,51,13,21,0,1.1598583568,5000000,0,5000000,
225,Marcus Stoinis,10,8,2,89,25,14.83,72,123.61,0,0,5,4,2,0,1.1447982838,5000000,0,5000000,
226,Jagrit Anand,15,12,1,201,54,18.27,211,95.26,0,1,14,6,4,0,0.6949478338,5000000,0,5000000,
227,Rohit Dahiya,32,25,6,185,23*,9.73,176,105.11,0,0,12,9,11,0,0.8230172292,5000000,0,5000000,
228,Cameron Delport,77,73,3,1693,103*,24.18,1225,138.2,1,8,182,73,34,0,1.45434614,5000000,0,5000000,
229,Padmanabhan Prasanth,35,25,13,241,43*,20.08,181,133.14,0,0,16,13,5,0,1.3390604659,5000000,0,5000000,
230,Swarupam Purkayastha,8,3,0,36,24,12,25,144,0,0,2,2,3,0,1.5422176543,3000000,0,3000000,
231,Dinesh Salunkhe,6,3,1,33,26*,16.5,24,137.5,0,0,5,0,2,0,1.4165431649,3000000,0,3000000,
232,Vijay Shankar,16,11,2,119,34,13.22,112,106.25,0,0,7,0,10,0,0.84673,3000000,0,3000000,
233,Bipul Sharma,59,44,17,603,79*,22.33,441,136.73,0,1,43,20,23,0,1.4177117789,3000000,0,3000000,
234,Kshitiz Sharma,8,7,1,91,57,15.16,81,112.34,0,1,5,5,1,0,0.9491656255,3000000,0,3000000,
235,Swapnil Singh,15,11,6,64,14*,12.8,62,103.22,0,0,1,4,7,0,0.7990436773,3000000,0,3000000,
236,Tanmay Agarwal,9,9,0,194,49,21.55,169,114.79,0,0,25,2,1,0,1.0075487123,3000000,0,3000000,
237,Amogh Sunil Desai,16,15,1,103,30,7.35,159,64.77,0,0,8,2,3,0,0.313848339,3000000,0,3000000,
238,B Indrajith,10,10,2,189,42,23.62,167,113.17,0,0,12,5,3,0,0.9871783437,3000000,0,3000000,
239,David Mathias,4,3,1,45,25*,22.5,73,61.64,0,0,5,0,1,0,0.3180262273,3000000,0,3000000,
240,Hardik Pandya,28,24,5,503,82*,26.47,410,122.68,0,2,34,24,11,0,1.163476423,3000000,0,3000000,
241,Abhishek Raut,36,24,7,361,43,21.23,318,113.52,0,0,27,11,13,0,0.9851213148,3000000,0,3000000,
242,Rituraj Singh,14,7,0,45,20,6.42,52,86.53,0,0,6,0,3,0,0.5560741476,3000000,0,3000000,
243,Varun Sood,17,5,1,61,28,15.25,48,127.08,0,0,5,3,6,0,1.2099826759,3000000,0,3000000,
244,Paul Valthaty,34,34,1,778,120*,23.57,615,126.5,1,3,106,24,6,0,1.2232263961,3000000,0,3000000,
245,Amit Verma,23,15,4,119,29,10.81,148,80.4,0,0,8,2,9,0,0.4860804221,3000000,0,3000000,
246,Sandipan Das,3,3,0,13,10,4.33,16,81.25,0,0,0,0,1,0,0.4889828122,3000000,0,3000000,
247,Dhiraj Goswami,17,12,3,66,26*,7.33,75,88,0,0,7,1,5,0,0.5759480447,3000000,0,3000000,
248,Anustup Majumdar,25,21,1,361,43,18.05,381,94.75,0,0,45,2,6,0,0.6871558308,3000000,0,3000000,
249,Jamaluddin Syed Mohammad,35,24,10,195,35*,13.92,161,121.11,0,0,16,3,5,0,1.0976777363,3000000,0,3000000,
250,Wilkin Mota,21,17,2,228,50,15.2,249,91.56,0,1,19,3,6,0,0.6363031684,3000000,0,3000000,
251,Krunal Pandya,15,9,2,167,51,23.85,121,138.01,0,1,10,7,7,0,1.4488708389,2000000,0,2000000,
252,Raiphi Gomez,46,40,13,612,62*,22.66,478,128.03,0,2,53,22,16,0,1.2487203767,2000000,0,2000000,
253,Shrikant Wagh,34,24,11,181,27*,13.92,175,103.42,0,0,11,5,11,0,0.8043065985,2000000,0,2000000,
254,Yo Mahesh,46,19,9,96,17*,9.6,91,105.49,0,0,8,3,13,0,0.8287425719,1000000,0,1000000,
255,Saurabh Bandekar,22,22,3,249,29,13.1,237,105.06,0,0,18,5,4,0,0.8279237119,1000000,0,1000000,
256,Samiullah Beigh,23,20,9,169,24,15.36,164,103.04,0,0,9,3,7,0,0.8016260647,1000000,0,1000000,
257,Kumar Deobrat,20,17,0,232,39,13.64,249,93.17,0,0,13,8,5,0,0.654903207,1000000,0,1000000,
258,Rahul Dewan,32,32,2,544,47,18.13,585,92.99,0,0,67,3,9,0,0.6629642856,1000000,0,1000000,
259,Raghav Dhawan,6,6,0,95,46,15.83,99,95.95,0,0,11,3,3,0,0.6985028302,1000000,0,1000000,
